[{"dna":"050002020202","name":"#1","description":"This is an NFT made by the coolest generative code.","image":"https://hashlips/nft/1","edition":1,"date":1635759902661,"attributes":[{"name":"white eye ball","rarity":"original"},{"name":"red big super rare","rarity":"original"},{"name":"large","rarity":"original"},{"name":"shapes","rarity":"original"},{"name":"high bottom","rarity":"original"},{"name":"high top","rarity":"original"}]},{"dna":"040102020202","name":"#2","description":"This is an NFT made by the coolest generative code.","image":"https://hashlips/nft/2","edition":2,"date":1635759903029,"attributes":[{"name":"red eye ball","rarity":"original"},{"name":"red small super rare","rarity":"original"},{"name":"large","rarity":"original"},{"name":"shapes","rarity":"original"},{"name":"high bottom","rarity":"original"},{"name":"high top","rarity":"original"}]},{"dna":"050202020202","name":"#3","description":"This is an NFT made by the coolest generative code.","image":"https://hashlips/nft/3","edition":3,"date":1635759903360,"attributes":[{"name":"white eye ball","rarity":"original"},{"name":"pink big rare","rarity":"original"},{"name":"large","rarity":"original"},{"name":"shapes","rarity":"original"},{"name":"high bottom","rarity":"original"},{"name":"high top","rarity":"original"}]},{"dna":"030102020202","name":"#4","description":"This is an NFT made by the coolest generative code.","image":"https://hashlips/nft/4","edition":4,"date":1635759903673,"attributes":[{"name":"grey eye ball","rarity":"original"},{"name":"red small super rare","rarity":"original"},{"name":"large","rarity":"original"},{"name":"shapes","rarity":"original"},{"name":"high bottom","rarity":"original"},{"name":"high top","rarity":"original"}]},{"dna":"030902020202","name":"#5","description":"This is an NFT made by the coolest generative code.","image":"https://hashlips/nft/5","edition":5,"date":1635759903991,"attributes":[{"name":"grey eye ball","rarity":"original"},{"name":"green small","rarity":"original"},{"name":"large","rarity":"original"},{"name":"shapes","rarity":"original"},{"name":"high bottom","rarity":"original"},{"name":"high top","rarity":"original"}]},{"dna":"010201010101","name":"#6","description":"This is an NFT made by the coolest generative code.","image":"https://hashlips/nft/6","edition":6,"date":1635759904326,"attributes":[{"name":"eye ball rare","rarity":"rare"},{"name":"pink big rare","rarity":"rare"},{"name":"medium rare","rarity":"rare"},{"name":"shapes rare","rarity":"rare"},{"name":"tilted bottom rare","rarity":"rare"},{"name":"low top rare","rarity":"rare"}]},{"dna":"020301010101","name":"#7","description":"This is an NFT made by the coolest generative code.","image":"https://hashlips/nft/7","edition":7,"date":1635759904711,"attributes":[{"name":"green eye ball rare","rarity":"rare"},{"name":"pink small rare","rarity":"rare"},{"name":"medium rare","rarity":"rare"},{"name":"shapes rare","rarity":"rare"},{"name":"tilted bottom rare","rarity":"rare"},{"name":"low top rare","rarity":"rare"}]},{"dna":"010501010101","name":"#8","description":"This is an NFT made by the coolest generative code.","image":"https://hashlips/nft/8","edition":8,"date":1635759905045,"attributes":[{"name":"eye ball rare","rarity":"rare"},{"name":"purple small rare","rarity":"rare"},{"name":"medium rare","rarity":"rare"},{"name":"shapes rare","rarity":"rare"},{"name":"tilted bottom rare","rarity":"rare"},{"name":"low top rare","rarity":"rare"}]},{"dna":"010301010101","name":"#9","description":"This is an NFT made by the coolest generative code.","image":"https://hashlips/nft/9","edition":9,"date":1635759905375,"attributes":[{"name":"eye ball rare","rarity":"rare"},{"name":"pink small rare","rarity":"rare"},{"name":"medium rare","rarity":"rare"},{"name":"shapes rare","rarity":"rare"},{"name":"tilted bottom rare","rarity":"rare"},{"name":"low top rare","rarity":"rare"}]},{"dna":"000200000000","name":"#10","description":"This is an NFT made by the coolest generative code.","image":"https://hashlips/nft/10","edition":10,"date":1635759905803,"attributes":[{"name":"red eye ball super rare","rarity":"super_rare"},{"name":"pink big rare","rarity":"super_rare"},{"name":"small super rare","rarity":"super_rare"},{"name":"shapes super rare","rarity":"super_rare"},{"name":"low bottom super rare","rarity":"super_rare"},{"name":"tilted top super rare","rarity":"super_rare"}]}]